{"cameraMode":{"drawMode":0,"name":"Shaded","section":"Shading Mode"},"sceneLighting":true,"audioPlay":false,"sceneViewState":{"m_AlwaysRefresh":false,"showFog":true,"showSkybox":true,"showFlares":true,"showImageEffects":true,"showParticleSystems":true,"showVisualEffectGraphs":true,"m_FxEnabled":true},"in2DMode":false,"pivot":{"x":-0.548252522945404,"y":15.710295677185059,"z":-17.57415199279785},"rotation":{"x":0.23129621148109437,"y":0.0061342110857367519,"z":-0.0014789099805057049,"w":0.9728856682777405},"size":3.5405795574188234,"orthographic":false}