{"cameraMode":{"drawMode":0,"name":"Shaded","section":"Shading Mode"},"sceneLighting":true,"audioPlay":false,"sceneViewState":{"m_AlwaysRefresh":false,"showFog":true,"showSkybox":true,"showFlares":true,"showImageEffects":true,"showParticleSystems":true,"showVisualEffectGraphs":true,"m_FxEnabled":true},"in2DMode":false,"pivot":{"x":-1.2677814960479737,"y":2.756495952606201,"z":38.67479705810547},"rotation":{"x":-0.03808072954416275,"y":0.006001194939017296,"z":0.0002504248113837093,"w":0.9992696642875671},"size":7.327577590942383,"orthographic":false}